tenant_id	full_name	contract_type_label	moveout_date	days_since_moveout	moving_id
61916	NULL	General	2026-02-06	2	48232
60856	NULL	General	2026-02-06	2	47082
60920	NULL	General	2026-02-06	2	47147
61197	NULL	General	2026-02-06	2	47426
61308	NULL	General	2026-02-06	2	47557
60003	NULL	General	2026-02-06	2	46100
60008	NULL	General	2026-02-06	2	46109
57333	NULL	General	2026-02-06	2	43033
57792	NULL	General	2026-02-06	2	43729
55562	NULL	General	2026-02-06	2	41067
55812	NULL	General	2026-02-06	2	41353
55839	NULL	General	2026-02-06	2	41382
56764	NULL	General	2026-02-06	2	42406
56992	NULL	General	2026-02-06	2	42649
57024	NULL	General	2026-02-06	2	42686
57050	NULL	General	2026-02-06	2	42720
58971	NULL	General	2026-02-06	2	44912
58979	NULL	General	2026-02-06	2	44921
59412	NULL	General	2026-02-06	2	45425
59498	NULL	General	2026-02-06	2	45811
59510	NULL	General	2026-02-06	2	45543
59525	NULL	General	2026-02-06	2	45563
59563	NULL	General	2026-02-06	2	45610
59574	NULL	General	2026-02-06	2	45621
59583	NULL	General	2026-02-06	2	45671
59602	NULL	General	2026-02-06	2	45651
56289	NULL	General	2026-02-06	2	41881
56290	NULL	General	2026-02-06	2	41884
56294	NULL	General	2026-02-06	2	41887
56452	NULL	General	2026-02-06	2	42063
56460	NULL	General	2026-02-06	2	42073
58134	NULL	General	2026-02-06	2	43940
58160	NULL	General	2026-02-06	2	44057
58164	NULL	General	2026-02-06	2	43969
58246	NULL	General	2026-02-06	2	44045
58269	NULL	General	2026-02-06	2	44093
58357	NULL	General	2026-02-06	2	44190
58368	NULL	General	2026-02-06	2	44204
58543	NULL	General	2026-02-06	2	44399
58548	NULL	General	2026-02-06	2	44405
58745	NULL	General	2026-02-06	2	44634
58760	NULL	General	2026-02-06	2	45015
58841	NULL	General	2026-02-06	2	44743
58892	NULL	General	2026-02-06	2	44800
54381	NULL	General	2026-02-06	2	39723
54748	NULL	General	2026-02-06	2	40163
51662	NULL	General	2026-02-06	2	37046
49775	NULL	General	2026-02-06	2	36051
50027	NULL	General	2026-02-06	2	35984
50029	NULL	General	2026-02-06	2	36027
50221	NULL	General	2026-02-06	2	36114
53774	NULL	General	2026-02-06	2	39032
53895	NULL	General	2026-02-06	2	39170
54025	NULL	General	2026-02-06	2	39315
50512	NULL	General	2026-02-06	2	40988
50531	NULL	General	2026-02-06	2	36316
50571	NULL	General	2026-02-06	2	36509
50589	NULL	General	2026-02-06	2	36365
50918	NULL	General	2026-02-06	2	36578
50959	NULL	General	2026-02-06	2	36584
52794	NULL	General	2026-02-06	2	37925
53293	NULL	General	2026-02-06	2	38492
53299	NULL	General	2026-02-06	2	38499
53311	NULL	General	2026-02-06	2	38511
53312	NULL	General	2026-02-06	2	38512
53453	NULL	General	2026-02-06	2	38678
29976	NULL	Corporate Contract	2026-02-06	2	19699
29982	NULL	Corporate Contract	2026-02-06	2	19706
29983	NULL	Corporate Contract	2026-02-06	2	19707
29984	NULL	Corporate Contract	2026-02-06	2	19708
29985	NULL	Corporate Contract	2026-02-06	2	19709
29986	NULL	Corporate Contract	2026-02-06	2	19710
29987	NULL	Corporate Contract	2026-02-06	2	19711
29988	NULL	Corporate Contract	2026-02-06	2	19712
29989	NULL	Corporate Contract	2026-02-06	2	19713
29990	NULL	Corporate Contract	2026-02-06	2	19714
29991	NULL	Corporate Contract	2026-02-06	2	19715
29992	NULL	Corporate Contract	2026-02-06	2	19716
29993	NULL	Corporate Contract	2026-02-06	2	19717
30160	NULL	General	2026-02-06	2	35795
30317	NULL	Corporate Contract	2026-02-06	2	20067
30375	NULL	Corporate Contract	2026-02-06	2	20056
30383	NULL	Corporate Contract	2026-02-06	2	20064
30386	NULL	Corporate Contract	2026-02-06	2	20065
28676	NULL	Corporate Contract	2026-02-06	2	18782
28677	NULL	Corporate Contract	2026-02-06	2	18783
28679	NULL	Corporate Contract	2026-02-06	2	18784
28681	NULL	Corporate Contract	2026-02-06	2	18786
28708	NULL	Corporate Contract	2026-02-06	2	18811
28794	NULL	Corporate Contract	2026-02-06	2	18873
28796	NULL	Corporate Contract	2026-02-06	2	18874
28797	NULL	Corporate Contract	2026-02-06	2	18875
28799	NULL	Corporate Contract	2026-02-06	2	18876
28840	NULL	Corporate Contract	2026-02-06	2	18906
28842	NULL	Corporate Contract	2026-02-06	2	18907
28843	NULL	Corporate Contract	2026-02-06	2	18908
28844	NULL	Corporate Contract	2026-02-06	2	18909
28845	NULL	Corporate Contract	2026-02-06	2	18910
28846	NULL	Corporate Contract	2026-02-06	2	18911
28858	NULL	Corporate Contract	2026-02-06	2	18920
28860	NULL	Corporate Contract	2026-02-06	2	18921
28861	NULL	Corporate Contract	2026-02-06	2	18922
28870	NULL	Corporate Contract	2026-02-06	2	18930
28871	NULL	Corporate Contract	2026-02-06	2	18931
28872	NULL	Corporate Contract	2026-02-06	2	18932
28873	NULL	Corporate Contract	2026-02-06	2	26164
28895	NULL	Corporate Contract	2026-02-06	2	18947
28896	NULL	Corporate Contract	2026-02-06	2	18948
28897	NULL	Corporate Contract	2026-02-06	2	18949
28898	NULL	Corporate Contract	2026-02-06	2	18950
28899	NULL	Corporate Contract	2026-02-06	2	18952
28900	NULL	Corporate Contract	2026-02-06	2	18953
28901	NULL	Corporate Contract	2026-02-06	2	18954
28902	NULL	Corporate Contract	2026-02-06	2	18955
28903	NULL	Corporate Contract	2026-02-06	2	18957
28904	NULL	Corporate Contract	2026-02-06	2	18958
28906	NULL	Corporate Contract	2026-02-06	2	18960
28907	NULL	Corporate Contract	2026-02-06	2	18961
28908	NULL	Corporate Contract	2026-02-06	2	18962
28909	NULL	Corporate Contract	2026-02-06	2	18963
28910	NULL	Corporate Contract	2026-02-06	2	18964
28983	NULL	Corporate Contract	2026-02-06	2	19014
26948	NULL	Corporate Contract	2026-02-06	2	21317
28387	NULL	Corporate Contract	2026-02-06	2	19513
28395	NULL	Corporate Contract	2026-02-06	2	18549
28398	NULL	Corporate Contract	2026-02-06	2	18551
28399	NULL	Corporate Contract	2026-02-06	2	18552
28400	NULL	Corporate Contract	2026-02-06	2	18553
28402	NULL	Corporate Contract	2026-02-06	2	18554
28404	NULL	Corporate Contract	2026-02-06	2	18555
28406	NULL	Corporate Contract	2026-02-06	2	18559
28467	NULL	Corporate Contract	2026-02-06	2	18601
28469	NULL	Corporate Contract	2026-02-06	2	18602
28471	NULL	Corporate Contract	2026-02-06	2	18603
28485	NULL	Corporate Contract	2026-02-06	2	18614
28487	NULL	Corporate Contract	2026-02-06	2	18615
28488	NULL	Corporate Contract	2026-02-06	2	18616
28489	NULL	Corporate Contract	2026-02-06	2	18617
28490	NULL	Corporate Contract	2026-02-06	2	18618
28492	NULL	Corporate Contract	2026-02-06	2	18619
28493	NULL	Corporate Contract	2026-02-06	2	18620
28495	NULL	Corporate Contract	2026-02-06	2	18621
28502	NULL	Corporate Contract	2026-02-06	2	18665
29538	NULL	Corporate Contract	2026-02-06	2	19421
29570	NULL	Corporate Contract	2026-02-06	2	19499
29713	NULL	Corporate Contract	2026-02-06	2	19512
29733	NULL	Corporate Contract	2026-02-06	2	19535
29734	NULL	Corporate Contract	2026-02-06	2	19536
29910	NULL	Corporate Contract	2026-02-06	2	19657
29911	NULL	Corporate Contract	2026-02-06	2	19658
29914	NULL	Corporate Contract	2026-02-06	2	19661
27634	NULL	Corporate Contract	2026-02-06	2	22935
29030	NULL	Corporate Contract	2026-02-06	2	19213
29065	NULL	Corporate Contract	2026-02-06	2	19058
29196	NULL	Corporate Contract	2026-02-06	2	19152
29246	NULL	Corporate Contract	2026-02-06	2	19196
29341	NULL	Corporate Contract	2026-02-06	2	19276
29372	NULL	Corporate Contract	2026-02-06	2	19301
29444	NULL	Corporate Contract	2026-02-06	2	19377
40117	NULL	Corporate Contract	2026-02-06	2	28636
40136	NULL	General	2026-02-06	2	36151
40147	NULL	Corporate Contract	2026-02-06	2	28506
40175	NULL	Corporate Contract	2026-02-06	2	28534
40180	NULL	Corporate Contract	2026-02-06	2	28539
40184	NULL	Corporate Contract	2026-02-06	2	28540
40191	NULL	Corporate Contract	2026-02-06	2	28547
40197	NULL	Corporate Contract	2026-02-06	2	28546
40205	NULL	Corporate Contract	2026-02-06	2	28558
40233	NULL	Corporate Contract	2026-02-06	2	28583
40371	NULL	Corporate Contract	2026-02-06	2	28699
40378	NULL	Corporate Contract	2026-02-06	2	28691
40382	NULL	Corporate Contract	2026-02-06	2	28695
40383	NULL	Corporate Contract	2026-02-06	2	28698
40384	NULL	Corporate Contract	2026-02-06	2	28700
40405	NULL	Corporate Contract	2026-02-06	2	28712
40407	NULL	Corporate Contract	2026-02-06	2	28713
40420	NULL	Corporate Contract	2026-02-06	2	28722
40485	NULL	Corporate Contract	2026-02-06	2	28777
40487	NULL	Corporate Contract	2026-02-06	2	28774
40501	NULL	Corporate Contract	2026-02-06	2	28843
40505	NULL	Corporate Contract	2026-02-06	2	31588
40524	NULL	General	2026-02-06	2	32941
40606	NULL	Corporate Contract	2026-02-06	2	28881
38669	NULL	Corporate Contract	2026-02-06	2	27308
38671	NULL	Corporate Contract	2026-02-06	2	27279
38692	NULL	Corporate Contract	2026-02-06	2	27312
38832	NULL	Corporate Contract	2026-02-06	2	27401
38835	NULL	Corporate Contract	2026-02-06	2	27399
38884	NULL	Corporate Contract	2026-02-06	2	27428
38926	NULL	Corporate Contract	2026-02-06	2	27471
38928	NULL	Corporate Contract	2026-02-06	2	27472
38929	NULL	Corporate Contract	2026-02-06	2	27737
38935	NULL	Corporate Contract	2026-02-06	2	27480
38965	NULL	General	2026-02-06	2	30605
38967	NULL	Corporate Contract	2026-02-06	2	27507
38969	NULL	Corporate Contract	2026-02-06	2	27508
38970	NULL	Corporate Contract	2026-02-06	2	27509
38971	NULL	Corporate Contract	2026-02-06	2	27510
38972	NULL	Corporate Contract	2026-02-06	2	27511
38973	NULL	Corporate Contract	2026-02-06	2	27512
38974	NULL	Corporate Contract	2026-02-06	2	27513
38975	NULL	Corporate Contract	2026-02-06	2	27514
38976	NULL	Corporate Contract	2026-02-06	2	27515
38977	NULL	Corporate Contract	2026-02-06	2	27516
38978	NULL	Corporate Contract	2026-02-06	2	27517
37240	NULL	Corporate Contract	2026-02-06	2	26015
37242	NULL	Corporate Contract	2026-02-06	2	26016
37257	NULL	Corporate Contract	2026-02-06	2	26032
37279	NULL	Corporate Contract	2026-02-06	2	26046
37307	NULL	Corporate Contract	2026-02-06	2	26201
37413	NULL	Corporate Contract	2026-02-06	2	26166
37416	NULL	Corporate Contract	2026-02-06	2	26293
37461	NULL	Corporate Contract	2026-02-06	2	26209
37516	NULL	Corporate Contract	2026-02-06	2	26258
37596	NULL	Corporate Contract	2026-02-06	2	26993
37646	NULL	Corporate Contract	2026-02-06	2	26378
37664	NULL	Corporate Contract	2026-02-06	2	26393
38191	NULL	Corporate Contract	2026-02-06	2	26860
38244	NULL	Corporate Contract	2026-02-06	2	26918
38344	NULL	Corporate Contract	2026-02-06	2	27011
38378	NULL	Corporate Contract	2026-02-06	2	27030
38398	NULL	Corporate Contract	2026-02-06	2	27038
38405	NULL	Corporate Contract	2026-02-06	2	27048
38409	NULL	Corporate Contract	2026-02-06	2	27151
38490	NULL	Corporate Contract	2026-02-06	2	27271
38513	NULL	General	2026-02-06	2	27138
38520	NULL	Corporate Contract	2026-02-06	2	27145
38537	NULL	Corporate Contract	2026-02-06	2	27163
38544	NULL	Corporate Contract	2026-02-06	2	27169
38627	NULL	Corporate Contract	2026-02-06	2	27231
38629	NULL	Corporate Contract	2026-02-06	2	27273
39606	NULL	Corporate Contract	2026-02-06	2	28069
39627	NULL	General	2026-02-06	2	30066
39653	NULL	Corporate Contract	2026-02-06	2	28110
39669	NULL	Corporate Contract	2026-02-06	2	28120
39683	NULL	Corporate Contract	2026-02-06	2	28134
39838	NULL	Corporate Contract	2026-02-06	2	28264
39849	NULL	Corporate Contract	2026-02-06	2	28276
39864	NULL	Corporate Contract	2026-02-06	2	30651
39891	NULL	Corporate Contract	2026-02-06	2	28301
39960	NULL	Corporate Contract	2026-02-06	2	28362
40070	NULL	General	2026-02-06	2	30051
40071	NULL	Corporate Contract	2026-02-06	2	28441
40104	NULL	Corporate Contract	2026-02-06	2	28471
37731	NULL	Corporate Contract	2026-02-06	2	26458
37735	NULL	Corporate Contract	2026-02-06	2	26460
37759	NULL	Corporate Contract	2026-02-06	2	26486
37763	NULL	Corporate Contract	2026-02-06	2	26490
37787	NULL	Corporate Contract	2026-02-06	2	26507
37808	NULL	Corporate Contract	2026-02-06	2	28670
37875	NULL	Corporate Contract	2026-02-06	2	26710
37928	NULL	Corporate Contract	2026-02-06	2	26640
38052	NULL	Corporate Contract	2026-02-06	2	26751
38056	NULL	Corporate Contract	2026-02-06	2	26754
38067	NULL	Corporate Contract	2026-02-06	2	26765
38079	NULL	Corporate Contract	2026-02-06	2	26776
38112	NULL	Corporate Contract	2026-02-06	2	26795
38115	NULL	Corporate Contract	2026-02-06	2	26802
39124	NULL	Corporate Contract	2026-02-06	2	27648
39130	NULL	Corporate Contract	2026-02-06	2	27650
39133	NULL	Corporate Contract	2026-02-06	2	27651
39134	NULL	Corporate Contract	2026-02-06	2	27652
39185	NULL	Corporate Contract	2026-02-06	2	27701
39191	NULL	Corporate Contract	2026-02-06	2	27705
39193	NULL	Corporate Contract	2026-02-06	2	27707
39195	NULL	Corporate Contract	2026-02-06	2	27711
39196	NULL	Corporate Contract	2026-02-06	2	27712
39198	NULL	Corporate Contract	2026-02-06	2	27714
39199	NULL	Corporate Contract	2026-02-06	2	27717
39201	NULL	Corporate Contract	2026-02-06	2	27719
39202	NULL	Corporate Contract	2026-02-06	2	27720
39203	NULL	Corporate Contract	2026-02-06	2	27721
39204	NULL	Corporate Contract	2026-02-06	2	27722
39205	NULL	Corporate Contract	2026-02-06	2	27723
39208	NULL	Corporate Contract	2026-02-06	2	27724
39209	NULL	Corporate Contract	2026-02-06	2	27725
39211	NULL	Corporate Contract	2026-02-06	2	27726
39212	NULL	Corporate Contract	2026-02-06	2	27727
39213	NULL	Corporate Contract	2026-02-06	2	27728
39214	NULL	Corporate Contract	2026-02-06	2	27729
39217	NULL	Corporate Contract	2026-02-06	2	27731
39219	NULL	Corporate Contract	2026-02-06	2	27732
39229	NULL	Corporate Contract	2026-02-06	2	27743
39262	NULL	Corporate Contract	2026-02-06	2	27763
39297	NULL	Corporate Contract	2026-02-06	2	27835
39301	NULL	Corporate Contract	2026-02-06	2	28297
39316	NULL	Corporate Contract	2026-02-06	2	27818
39362	NULL	Corporate Contract	2026-02-06	2	27866
39368	NULL	Corporate Contract	2026-02-06	2	27873
39372	NULL	General	2026-02-06	2	29726
39435	NULL	Corporate Contract	2026-02-06	2	27933
39470	NULL	Corporate Contract	2026-02-06	2	27957
39501	NULL	Corporate Contract	2026-02-06	2	28320
39563	NULL	Corporate Contract	2026-02-06	2	28029
36829	NULL	Corporate Contract	2026-02-06	2	25669
36869	NULL	Corporate Contract	2026-02-06	2	25639
37064	NULL	Corporate Contract	2026-02-06	2	25831
37095	NULL	Corporate Contract	2026-02-06	2	25862
35084	NULL	Corporate Contract	2026-02-06	2	24073
35104	NULL	Corporate Contract	2026-02-06	2	24116
35176	NULL	Corporate Contract	2026-02-06	2	24155
35216	NULL	Corporate Contract	2026-02-06	2	30394
35267	NULL	Corporate Contract	2026-02-06	2	24226
35279	NULL	Corporate Contract	2026-02-06	2	24239
35319	NULL	Corporate Contract	2026-02-06	2	24372
35386	NULL	Corporate Contract	2026-02-06	2	24357
35449	NULL	Corporate Contract	2026-02-06	2	28442
35452	NULL	Corporate Contract	2026-02-06	2	24400
33691	NULL	Corporate Contract	2026-02-06	2	22892
33737	NULL	Corporate Contract	2026-02-06	2	22923
33863	NULL	Corporate Contract	2026-02-06	2	23020
33906	NULL	Corporate Contract	2026-02-06	2	23054
33959	NULL	Corporate Contract	2026-02-06	2	23250
34027	NULL	Corporate Contract	2026-02-06	2	23154
34049	NULL	Corporate Contract	2026-02-06	2	23180
34050	NULL	Corporate Contract	2026-02-06	2	23202
34076	NULL	Corporate Contract	2026-02-06	2	23211
34108	NULL	Corporate Contract	2026-02-06	2	23349
34559	NULL	Corporate Contract	2026-02-06	2	23704
34610	NULL	Corporate Contract	2026-02-06	2	23682
34613	NULL	Corporate Contract	2026-02-06	2	23685
34661	NULL	Corporate Contract	2026-02-06	2	23725
34662	NULL	Corporate Contract	2026-02-06	2	23726
34663	NULL	Corporate Contract	2026-02-06	2	24193
34676	NULL	Corporate Contract	2026-02-06	2	23766
34729	NULL	Corporate Contract	2026-02-06	2	23777
34767	NULL	Corporate Contract	2026-02-06	2	24258
34771	NULL	Corporate Contract	2026-02-06	2	23816
34792	NULL	Corporate Contract	2026-02-06	2	23827
34794	NULL	Corporate Contract	2026-02-06	2	23828
34802	NULL	Corporate Contract	2026-02-06	2	23834
34806	NULL	Corporate Contract	2026-02-06	2	23838
34808	NULL	Corporate Contract	2026-02-06	2	23839
34853	NULL	Corporate Contract	2026-02-06	2	23866
34919	NULL	Corporate Contract	2026-02-06	2	23944
35020	NULL	Corporate Contract	2026-02-06	2	24029
35029	NULL	Corporate Contract	2026-02-06	2	24021
35033	NULL	Corporate Contract	2026-02-06	2	24022
36127	NULL	Corporate Contract	2026-02-06	2	31118
36188	NULL	Corporate Contract	2026-02-06	2	25029
36190	NULL	Corporate Contract	2026-02-06	2	25030
36191	NULL	Corporate Contract	2026-02-06	2	25031
36192	NULL	Corporate Contract	2026-02-06	2	25032
36193	NULL	Corporate Contract	2026-02-06	2	25033
36194	NULL	Corporate Contract	2026-02-06	2	25034
36195	NULL	Corporate Contract	2026-02-06	2	25035
36196	NULL	Corporate Contract	2026-02-06	2	25036
36197	NULL	Corporate Contract	2026-02-06	2	25037
36247	NULL	Corporate Contract	2026-02-06	2	25087
36248	NULL	Corporate Contract	2026-02-06	2	25088
36249	NULL	Corporate Contract	2026-02-06	2	25089
36250	NULL	Corporate Contract	2026-02-06	2	25090
36251	NULL	Corporate Contract	2026-02-06	2	25091
36252	NULL	Corporate Contract	2026-02-06	2	25092
36253	NULL	Corporate Contract	2026-02-06	2	25093
36254	NULL	Corporate Contract	2026-02-06	2	25094
36290	NULL	Corporate Contract	2026-02-06	2	25130
36291	NULL	Corporate Contract	2026-02-06	2	25131
36292	NULL	Corporate Contract	2026-02-06	2	25132
36293	NULL	Corporate Contract	2026-02-06	2	25133
36294	NULL	Corporate Contract	2026-02-06	2	25134
36295	NULL	Corporate Contract	2026-02-06	2	25135
36296	NULL	Corporate Contract	2026-02-06	2	25136
36297	NULL	Corporate Contract	2026-02-06	2	25137
36298	NULL	Corporate Contract	2026-02-06	2	25138
36334	NULL	Corporate Contract	2026-02-06	2	25174
36335	NULL	Corporate Contract	2026-02-06	2	25175
36336	NULL	Corporate Contract	2026-02-06	2	25176
36337	NULL	Corporate Contract	2026-02-06	2	25177
36338	NULL	Corporate Contract	2026-02-06	2	25178
36339	NULL	Corporate Contract	2026-02-06	2	25179
36340	NULL	Corporate Contract	2026-02-06	2	25180
36341	NULL	Corporate Contract	2026-02-06	2	25181
36342	NULL	Corporate Contract	2026-02-06	2	25182
36384	NULL	Corporate Contract	2026-02-06	2	25216
36409	NULL	Corporate Contract	2026-02-06	2	25296
36411	NULL	Corporate Contract	2026-02-06	2	25261
36414	NULL	Corporate Contract	2026-02-06	2	25248
36490	NULL	Corporate Contract	2026-02-06	2	25322
36505	NULL	Corporate Contract	2026-02-06	2	25339
36594	NULL	Corporate Contract	2026-02-06	2	25395
36602	NULL	Corporate Contract	2026-02-06	2	25402
36623	NULL	Corporate Contract	2026-02-06	2	25404
36640	NULL	Corporate Contract	2026-02-06	2	25429
36651	NULL	Corporate Contract	2026-02-06	2	25473
36678	NULL	Corporate Contract	2026-02-06	2	25467
34141	NULL	Corporate Contract	2026-02-06	2	23258
34149	NULL	Corporate Contract	2026-02-06	2	23268
34184	NULL	Corporate Contract	2026-02-06	2	23286
34234	NULL	Corporate Contract	2026-02-06	2	23339
34286	NULL	Corporate Contract	2026-02-06	2	23398
34320	NULL	Corporate Contract	2026-02-06	2	23413
34321	NULL	Corporate Contract	2026-02-06	2	23414
34331	NULL	Corporate Contract	2026-02-06	2	23420
34352	NULL	Corporate Contract	2026-02-06	2	23435
34397	NULL	Corporate Contract	2026-02-06	2	23478
34462	NULL	Corporate Contract	2026-02-06	2	23526
34464	NULL	Corporate Contract	2026-02-06	2	23529
34492	NULL	Corporate Contract	2026-02-06	2	23608
34505	NULL	Corporate Contract	2026-02-06	2	23708
34506	NULL	Corporate Contract	2026-02-06	2	23571
34511	NULL	Corporate Contract	2026-02-06	2	23634
35548	NULL	Corporate Contract	2026-02-06	2	24821
35565	NULL	Corporate Contract	2026-02-06	2	24501
35602	NULL	Corporate Contract	2026-02-06	2	24526
35624	NULL	Corporate Contract	2026-02-06	2	24556
35626	NULL	Corporate Contract	2026-02-06	2	24555
35668	NULL	Corporate Contract	2026-02-06	2	24582
35769	NULL	Corporate Contract	2026-02-06	2	24786
35781	NULL	Corporate Contract	2026-02-06	2	24691
35953	NULL	Corporate Contract	2026-02-06	2	24822
35986	NULL	General	2026-02-06	2	31987
36020	NULL	Corporate Contract	2026-02-06	2	26114
48895	NULL	General	2026-02-06	2	35265
46500	NULL	General	2026-02-06	2	33782
46653	NULL	General	2026-02-06	2	33805
46693	NULL	General	2026-02-06	2	33810
46955	NULL	General	2026-02-06	2	34032
46968	NULL	General	2026-02-06	2	34047
47063	NULL	General	2026-02-06	2	34101
44377	NULL	General	2026-02-06	2	32229
44389	NULL	General	2026-02-06	2	32241
44568	NULL	General	2026-02-06	2	32368
44649	NULL	General	2026-02-06	2	32407
44924	NULL	General	2026-02-06	2	32580
46006	NULL	General	2026-02-06	2	33302
46075	NULL	General	2026-02-06	2	33350
46308	NULL	General	2026-02-06	2	33533
47268	NULL	General	2026-02-06	2	34208
47278	NULL	General	2026-02-06	2	34222
45228	NULL	Corporate Contract	2026-02-06	2	32800
45303	NULL	General	2026-02-06	2	32862
45324	NULL	General	2026-02-06	2	33875
45325	NULL	General	2026-02-06	2	32875
45392	NULL	General	2026-02-06	2	32932
45491	NULL	General	2026-02-06	2	32995
33289	NULL	Corporate Contract	2026-02-06	2	22526
33318	NULL	Corporate Contract	2026-02-06	2	22551
33356	NULL	Corporate Contract	2026-02-06	2	22573
33379	NULL	Corporate Contract	2026-02-06	2	29441
33420	NULL	Corporate Contract	2026-02-06	2	22878
33492	NULL	Corporate Contract	2026-02-06	2	22701
33613	NULL	Corporate Contract	2026-02-06	2	22810
31886	NULL	Corporate Contract	2026-02-06	2	21337
31914	NULL	Corporate Contract	2026-02-06	2	21359
32015	NULL	Corporate Contract	2026-02-06	2	21482
32050	NULL	Corporate Contract	2026-02-06	2	26160
32056	NULL	Corporate Contract	2026-02-06	2	21497
32064	NULL	Corporate Contract	2026-02-06	2	21519
32075	NULL	Corporate Contract	2026-02-06	2	21514
32112	NULL	Corporate Contract	2026-02-06	2	21540
32143	NULL	Corporate Contract	2026-02-06	2	21560
32145	NULL	Corporate Contract	2026-02-06	2	21586
32146	NULL	Corporate Contract	2026-02-06	2	21561
32211	NULL	Corporate Contract	2026-02-06	2	21747
32260	NULL	Corporate Contract	2026-02-06	2	21705
32263	NULL	Corporate Contract	2026-02-06	2	30096
30400	NULL	Corporate Contract	2026-02-06	2	20075
30409	NULL	Corporate Contract	2026-02-06	2	20087
30410	NULL	Corporate Contract	2026-02-06	2	20088
30411	NULL	Corporate Contract	2026-02-06	2	20089
30412	NULL	Corporate Contract	2026-02-06	2	20090
30413	NULL	Corporate Contract	2026-02-06	2	20091
30414	NULL	Corporate Contract	2026-02-06	2	20092
30415	NULL	Corporate Contract	2026-02-06	2	20093
30416	NULL	Corporate Contract	2026-02-06	2	20094
30417	NULL	Corporate Contract	2026-02-06	2	20095
30418	NULL	Corporate Contract	2026-02-06	2	20096
30419	NULL	Corporate Contract	2026-02-06	2	20097
30420	NULL	Corporate Contract	2026-02-06	2	20098
30421	NULL	Corporate Contract	2026-02-06	2	20099
30422	NULL	Corporate Contract	2026-02-06	2	20100
30423	NULL	Corporate Contract	2026-02-06	2	20101
30431	NULL	Corporate Contract	2026-02-06	2	20109
30432	NULL	Corporate Contract	2026-02-06	2	20110
30546	NULL	Corporate Contract	2026-02-06	2	20220
30548	NULL	Corporate Contract	2026-02-06	2	20222
30549	NULL	Corporate Contract	2026-02-06	2	20223
30550	NULL	Corporate Contract	2026-02-06	2	20224
30680	NULL	Corporate Contract	2026-02-06	2	20327
30830	NULL	Corporate Contract	2026-02-06	2	20432
30882	NULL	Corporate Contract	2026-02-06	2	20552
31497	NULL	Corporate Contract	2026-02-06	2	21105
31502	NULL	Corporate Contract	2026-02-06	2	20948
31526	NULL	Corporate Contract	2026-02-06	2	20990
31550	NULL	Corporate Contract	2026-02-06	2	20988
31571	NULL	Corporate Contract	2026-02-06	2	21083
31613	NULL	Corporate Contract	2026-02-06	2	21118
31618	NULL	Corporate Contract	2026-02-06	2	21117
31697	NULL	Corporate Contract	2026-02-06	2	21191
31702	NULL	Corporate Contract	2026-02-06	2	21186
31722	NULL	Corporate Contract	2026-02-06	2	21200
31743	NULL	General	2026-02-06	2	36585
31820	NULL	Corporate Contract	2026-02-06	2	21272
31824	NULL	Corporate Contract	2026-02-06	2	29678
31832	NULL	Corporate Contract	2026-02-06	2	21362
31833	NULL	Corporate Contract	2026-02-06	2	21281
32769	NULL	Corporate Contract	2026-02-06	2	22056
32917	NULL	Corporate Contract	2026-02-06	2	22197
33124	NULL	Corporate Contract	2026-02-06	2	22376
33130	NULL	Corporate Contract	2026-02-06	2	22439
33183	NULL	Corporate Contract	2026-02-06	2	22434
33211	NULL	Corporate Contract	2026-02-06	2	22451
30919	NULL	General	2026-02-06	2	30739
30936	NULL	Corporate Contract	2026-02-06	2	20630
30968	NULL	Corporate Contract	2026-02-06	2	20533
30969	NULL	Corporate Contract	2026-02-06	2	20535
31100	NULL	Corporate Contract	2026-02-06	2	20625
31138	NULL	Corporate Contract	2026-02-06	2	23389
31175	NULL	Corporate Contract	2026-02-06	2	20762
31219	NULL	Corporate Contract	2026-02-06	2	31050
31238	NULL	Corporate Contract	2026-02-06	2	20734
31243	NULL	General	2026-02-06	2	20736
31275	NULL	Corporate Contract	2026-02-06	2	20765
31310	NULL	Corporate Contract	2026-02-06	2	20830
31350	NULL	Corporate Contract	2026-02-06	2	20857
31363	NULL	Corporate Contract	2026-02-06	2	20848
31367	NULL	Corporate Contract	2026-02-06	2	20853
32371	NULL	Corporate Contract	2026-02-06	2	21771
32416	NULL	Corporate Contract	2026-02-06	2	23335
32463	NULL	Corporate Contract	2026-02-06	2	21830
32530	NULL	Corporate Contract	2026-02-06	2	21879
32585	NULL	Corporate Contract	2026-02-06	2	21926
32589	NULL	Corporate Contract	2026-02-06	2	21945
32605	NULL	Corporate Contract	2026-02-06	2	21943
32720	NULL	Corporate Contract	2026-02-06	2	22020
43829	NULL	General	2026-02-06	2	31818
43847	NULL	General	2026-02-06	2	31946
43883	NULL	General	2026-02-06	2	31853
44044	NULL	General	2026-02-06	2	31996
44143	NULL	General	2026-02-06	2	32063
42374	NULL	Corporate Contract	2026-02-06	2	30625
42384	NULL	Corporate Contract	2026-02-06	2	30591
42385	NULL	Corporate Contract	2026-02-06	2	30593
42386	NULL	Corporate Contract	2026-02-06	2	30594
42387	NULL	Corporate Contract	2026-02-06	2	30595
42391	NULL	Corporate Contract	2026-02-06	2	30598
42396	NULL	Corporate Contract	2026-02-06	2	30601
42477	NULL	Corporate Contract	2026-02-06	2	30688
42499	NULL	Corporate Contract	2026-02-06	2	30710
42593	NULL	Corporate Contract	2026-02-06	2	30785
40616	NULL	Corporate Contract	2026-02-06	2	28888
40618	NULL	Corporate Contract	2026-02-06	2	28890
40619	NULL	Corporate Contract	2026-02-06	2	28892
40620	NULL	Corporate Contract	2026-02-06	2	28894
40651	NULL	Corporate Contract	2026-02-06	2	29169
40690	NULL	Corporate Contract	2026-02-06	2	28959
40714	NULL	General	2026-02-06	2	29996
40717	NULL	Corporate Contract	2026-02-06	2	28992
40747	NULL	Corporate Contract	2026-02-06	2	29015
40770	NULL	Corporate Contract	2026-02-06	2	31219
40803	NULL	Corporate Contract	2026-02-06	2	29060
40831	NULL	Corporate Contract	2026-02-06	2	29604
40885	NULL	Corporate Contract	2026-02-06	2	29135
40891	NULL	Corporate Contract	2026-02-06	2	29161
41025	NULL	Corporate Contract	2026-02-06	2	29377
41057	NULL	Corporate Contract	2026-02-06	2	29279
41072	NULL	Corporate Contract	2026-02-06	2	30166
41718	NULL	Corporate Contract	2026-02-06	2	29850
41748	NULL	Corporate Contract	2026-02-06	2	29882
41860	NULL	Corporate Contract	2026-02-06	2	29964
41861	NULL	Corporate Contract	2026-02-06	2	29965
41894	NULL	Corporate Contract	2026-02-06	2	30012
41955	NULL	Corporate Contract	2026-02-06	2	30917
42058	NULL	Corporate Contract	2026-02-06	2	30225
42066	NULL	Corporate Contract	2026-02-06	2	30239
43276	NULL	Corporate Contract	2026-02-06	2	31535
43282	NULL	Corporate Contract	2026-02-06	2	31352
43294	NULL	Corporate Contract	2026-02-06	2	31361
43364	NULL	Corporate Contract	2026-02-06	2	31411
43433	NULL	Corporate Contract	2026-02-06	2	31874
43513	NULL	General	2026-02-06	2	31538
43525	NULL	General	2026-02-06	2	32061
43573	NULL	General	2026-02-06	2	31577
43650	NULL	General	2026-02-06	2	31656
43692	NULL	Corporate Contract	2026-02-06	2	31693
43696	NULL	General	2026-02-06	2	31702
41140	NULL	Corporate Contract	2026-02-06	2	29347
41148	NULL	Corporate Contract	2026-02-06	2	29358
41304	NULL	Corporate Contract	2026-02-06	2	29759
41310	NULL	Corporate Contract	2026-02-06	2	29478
41398	NULL	Corporate Contract	2026-02-06	2	29550
41447	NULL	Corporate Contract	2026-02-06	2	29581
42706	NULL	Corporate Contract	2026-02-06	2	30874
42788	NULL	General	2026-02-06	2	33962
42876	NULL	Corporate Contract	2026-02-06	2	31023
42880	NULL	Corporate Contract	2026-02-06	2	31028
42894	NULL	General	2026-02-06	2	31069
42897	NULL	General	2026-02-06	2	31068
42898	NULL	Corporate Contract	2026-02-06	2	31045
42901	NULL	Corporate Contract	2026-02-06	2	31049
42903	NULL	Corporate Contract	2026-02-06	2	31053
42963	NULL	Corporate Contract	2026-02-06	2	31106
43025	NULL	Corporate Contract	2026-02-06	2	31153
43072	NULL	Corporate Contract	2026-02-06	2	31182
43088	NULL	Corporate Contract	2026-02-06	2	31197
43115	NULL	Corporate Contract	2026-02-06	2	31228
43141	NULL	Corporate Contract	2026-02-06	2	31418
43147	NULL	Corporate Contract	2026-02-06	2	31248
25244	NULL	Corporate Contract	2026-02-06	2	16411
24733	NULL	Corporate Contract	2026-02-06	2	16123
24965	NULL	Corporate Contract	2026-02-06	2	16249
23029	NULL	Corporate Contract	2026-02-06	2	14974
23033	NULL	Corporate Contract	2026-02-06	2	14978
23034	NULL	Corporate Contract	2026-02-06	2	14979
23063	NULL	Corporate Contract	2026-02-06	2	14999
23065	NULL	Corporate Contract	2026-02-06	2	15000
23066	NULL	Corporate Contract	2026-02-06	2	15001
23092	NULL	Corporate Contract	2026-02-06	2	15015
23107	NULL	Corporate Contract	2026-02-06	2	15030
23328	NULL	Corporate Contract	2026-02-06	2	15199
23344	NULL	Corporate Contract	2026-02-06	2	15210
23345	NULL	Corporate Contract	2026-02-06	2	15211
23383	NULL	Corporate Contract	2026-02-06	2	15606
24494	NULL	Corporate Contract	2026-02-06	2	22349
23742	NULL	Corporate Contract	2026-02-06	2	15438
23748	NULL	Corporate Contract	2026-02-06	2	15443
23749	NULL	Corporate Contract	2026-02-06	2	15444
23750	NULL	Corporate Contract	2026-02-06	2	15445
23751	NULL	Corporate Contract	2026-02-06	2	15446
23753	NULL	Corporate Contract	2026-02-06	2	15447
23754	NULL	Corporate Contract	2026-02-06	2	15448
23755	NULL	Corporate Contract	2026-02-06	2	15449
12378	NULL	Corporate Contract	2026-02-06	2	8302
12436	NULL	Corporate Contract	2026-02-06	2	8330
12437	NULL	Corporate Contract	2026-02-06	2	8331
12530	NULL	Corporate Contract	2026-02-06	2	22938
11736	NULL	Corporate Contract	2026-02-06	2	7929
9883	NULL	Corporate Contract	2026-02-06	2	6884
9991	NULL	Corporate Contract	2026-02-06	2	7958
11137	NULL	Corporate Contract	2026-02-06	2	7551
11139	NULL	Corporate Contract	2026-02-06	2	7556
11143	NULL	Corporate Contract	2026-02-06	2	7558
11153	NULL	Corporate Contract	2026-02-06	2	7565
11158	NULL	Corporate Contract	2026-02-06	2	7569
10108	NULL	Corporate Contract	2026-02-06	2	12574
2009	NULL	Corporate Contract	2026-02-06	2	2396
2131	NULL	Corporate Contract	2026-02-06	2	562
6724	NULL	Corporate Contract	2026-02-06	2	5160
6992	NULL	General	2026-02-06	2	32913
22412	NULL	Corporate Contract	2026-02-06	2	14528
22414	NULL	Corporate Contract	2026-02-06	2	14529
22416	NULL	Corporate Contract	2026-02-06	2	14530
22421	NULL	Corporate Contract	2026-02-06	2	14531
22424	NULL	Corporate Contract	2026-02-06	2	14532
22425	NULL	Corporate Contract	2026-02-06	2	14533
22429	NULL	Corporate Contract	2026-02-06	2	14535
22431	NULL	Corporate Contract	2026-02-06	2	14536
22432	NULL	Corporate Contract	2026-02-06	2	14537
22433	NULL	Corporate Contract	2026-02-06	2	14538
22434	NULL	Corporate Contract	2026-02-06	2	14539
22436	NULL	Corporate Contract	2026-02-06	2	14540
22437	NULL	Corporate Contract	2026-02-06	2	14541
22438	NULL	Corporate Contract	2026-02-06	2	14542
22440	NULL	Corporate Contract	2026-02-06	2	14544
22441	NULL	Corporate Contract	2026-02-06	2	14545
22443	NULL	Corporate Contract	2026-02-06	2	14546
22444	NULL	Corporate Contract	2026-02-06	2	14547
22445	NULL	Corporate Contract	2026-02-06	2	14548
22448	NULL	Corporate Contract	2026-02-06	2	14550
22537	NULL	Corporate Contract	2026-02-06	2	14610
22581	NULL	Corporate Contract	2026-02-06	2	14636
22583	NULL	Corporate Contract	2026-02-06	2	14637
22734	NULL	Corporate Contract	2026-02-06	2	14742
22738	NULL	Corporate Contract	2026-02-06	2	14745
22739	NULL	Corporate Contract	2026-02-06	2	14746
22741	NULL	Corporate Contract	2026-02-06	2	14748
22742	NULL	Corporate Contract	2026-02-06	2	14749
22744	NULL	Corporate Contract	2026-02-06	2	14751
22745	NULL	Corporate Contract	2026-02-06	2	14752
22750	NULL	Corporate Contract	2026-02-06	2	14757
22752	NULL	Corporate Contract	2026-02-06	2	14760
19645	NULL	Corporate Contract	2026-02-06	2	12759
19646	NULL	Corporate Contract	2026-02-06	2	12760
19647	NULL	Corporate Contract	2026-02-06	2	12761
19648	NULL	Corporate Contract	2026-02-06	2	18882
19649	NULL	Corporate Contract	2026-02-06	2	18817
19650	NULL	Corporate Contract	2026-02-06	2	12765
19651	NULL	Corporate Contract	2026-02-06	2	12766
19652	NULL	Corporate Contract	2026-02-06	2	18883
19931	NULL	Corporate Contract	2026-02-06	2	28802
22275	NULL	Corporate Contract	2026-02-06	2	14413
22303	NULL	Corporate Contract	2026-02-06	2	14434
19085	NULL	Corporate Contract	2026-02-06	2	12462
21120	NULL	Corporate Contract	2026-02-06	2	13681
21124	NULL	Corporate Contract	2026-02-06	2	13684
21132	NULL	Corporate Contract	2026-02-06	2	13694
21142	NULL	Corporate Contract	2026-02-06	2	13702
21619	NULL	Corporate Contract	2026-02-06	2	14016
21625	NULL	Corporate Contract	2026-02-06	2	14019
21628	NULL	Corporate Contract	2026-02-06	2	14021
21644	NULL	Corporate Contract	2026-02-06	2	14029
21645	NULL	Corporate Contract	2026-02-06	2	14030
4923	NULL	Corporate Contract	2026-02-06	2	22405
5119	NULL	Corporate Contract	2026-02-06	2	3887
4531	NULL	Corporate Contract	2026-02-06	2	2373
4534	NULL	Corporate Contract	2026-02-06	2	2409
4230	NULL	Corporate Contract	2026-02-06	2	4252
4474	NULL	Corporate Contract	2026-02-06	2	2077
4476	NULL	Corporate Contract	2026-02-06	2	2083
4490	NULL	Corporate Contract	2026-02-06	2	2181
16672	NULL	Corporate Contract	2026-02-06	2	10894
16679	NULL	Corporate Contract	2026-02-06	2	10896
16111	NULL	Corporate Contract	2026-02-06	2	10537
16326	NULL	Corporate Contract	2026-02-06	2	10649
14069	NULL	General	2026-02-06	2	34348
14159	NULL	Corporate Contract	2026-02-06	2	9375
14160	NULL	Corporate Contract	2026-02-06	2	9377
14161	NULL	Corporate Contract	2026-02-06	2	9378
14167	NULL	Corporate Contract	2026-02-06	2	9381
14169	NULL	Corporate Contract	2026-02-06	2	9383
14178	NULL	Corporate Contract	2026-02-06	2	9390
14388	NULL	Corporate Contract	2026-02-06	2	9507
14887	NULL	Corporate Contract	2026-02-06	2	9824
47266	 AdrianaRemiasova	General	2026-02-06	2	34773
60559	 Ahmed Dekhil	General	2026-02-06	2	46757
82715	 Aung Moe Thet	General	2026-02-06	2	69951
37785	 AUNGPAING KHANT	Corporate Contract	2026-02-06	2	26504
77885	 BayarsaikhanSolongo	General	2026-02-06	2	64489
71697	 BORALA LIYANAGEDONA NELUM KUMARI	General	2026-02-06	2	57597
47236	 CHOI YONGHYEON	General	2026-02-06	2	34331
33980	 DanZunder	Corporate Contract	2026-02-06	2	23120
35305	 DUSMANTHASANOJ PEIRIS	Corporate Contract	2026-02-06	2	24376
42799	 EgoshinArtem	General	2026-02-06	2	30959
62223	 Ei Khine  Phyoe	General	2026-02-06	2	48562
81080	 EnkhbaatarEnkh-Uchral	General	2026-02-06	2	68175
81062	 Fernando KodimarakkalageDinal Heshan	General	2026-02-06	2	68155
77230	 FERNANDO THITHTHALAPITIGE THILINI NAVODA	General	2026-02-06	2	63671
38175	 GanhathaWickramaarachchilage Pruthuvi Ashcharya Samarakoon	Corporate Contract	2026-02-06	2	26841
35708	 Han LinHtun	Corporate Contract	2026-02-06	2	28531
81694	 Htet Su Moe	General	2026-02-06	2	68869
58807	 Ignacio JavierPérez	General	2026-02-06	2	44705
39515	 IsabelPfohlmann	General	2026-02-06	2	30925
39850	 JoshiaMaxenski Wijaya	Corporate Contract	2026-02-06	2	28281
43585	 KabirMd. Tanvir	General	2026-02-06	2	31589
29697	 KILICASLAN OZLEM	General	2026-02-06	2	68009
37452	 LARA MARY JO MIRABUENO	Corporate Contract	2026-02-06	2	26244
31384	 Le Nguyen Ngoc Thao	Corporate Contract	2026-02-06	2	20865
60876	 LE THI MAI 	General	2026-02-06	2	47106
71946	 LE THI MINH  THO 	General	2026-02-06	2	57864
35849	 MakhkamovBakhodir	Corporate Contract	2026-02-06	2	24925
44211	 MariaVolpe	General	2026-02-06	2	32140
51247	 May Thaw  Oo	General	2026-02-06	2	36767
84146	 Min MinTun	General	2026-02-06	2	71719
33509	 Mohammad AbuKawsar	Corporate Contract	2026-02-06	2	22793
77594	 MYO THI HA 	General	2026-02-06	2	64120
65743	 NGUYEN THI THU HOAI	General	2026-02-06	2	52240
79460	 NGUYEN VAN LONG 	General	2026-02-06	2	66382
35065	 NguyenMinh Doan	Corporate Contract	2026-02-06	2	25916
82430	 NicholasGreenberg	General	2026-02-06	2	69586
67439	 Novokreshchenova Polina	General	2026-02-06	2	53880
79113	 Nyo Lay Htike	General	2026-02-06	2	65965
76672	 PHAM THI HUYEN TRANG	General	2026-02-06	2	63017
84242	 PHOO PWINT KHING 	General	2026-02-06	2	71859
80326	 PHYO HTETKYAW	General	2026-02-06	2	67325
50736	 Phyo Nyi Nyi	General	2026-02-06	2	36550
61175	 Pramodya AbewardanaAbewardana Mudiyanselage Dilmi	General	2026-02-06	2	47395
63705	 R.A.SASALANKAPATHUM	General	2026-02-06	2	50691
42978	 RobinWang	General	2026-02-06	2	32728
71385	 ShchepkinDaniil	General	2026-02-06	2	57255
82417	 SI THU PHYO	General	2026-02-06	2	69562
45856	 theim mawe phyu sin	General	2026-02-06	2	33241
59225	 Thu TaSan	General	2026-02-06	2	45211
43420	 URTNAST URANCHIMEG／BUIDANBAATAR URANTSETSEG	General	2026-02-06	2	31453
37837	 VirgoNovelyn Aquino	Corporate Contract	2026-02-06	2	26556
57983	 Wahban Abdulrahman Ali Mohammad	General	2026-02-06	2	43770
31168	 ZIN THI THI TUN	Corporate Contract	2026-02-06	2	20688
40544	 上島 一瑛	Corporate Contract	2026-02-06	2	28841
35184	 久保谷陽菜	Corporate Contract	2026-02-06	2	24163
37296	 仙石 漱	Corporate Contract	2026-02-06	2	26090
45098	 劉然	General	2026-02-06	2	32693
34499	 及川健成	Corporate Contract	2026-02-06	2	23615
62908	 執行明日香	General	2026-02-06	2	49263
76632	 安正桓	General	2026-02-06	2	63316
31324	 宮里奈々	Corporate Contract	2026-02-06	2	20800
22160	 小屋敷昌子	Corporate Contract	2026-02-06	2	18050
34007	 小田あかり	Corporate Contract	2026-02-06	2	23480
32921	 山下 貴士	Corporate Contract	2026-02-06	2	22620
32875	 山田 美紗輝	Corporate Contract	2026-02-06	2	22239
40293	 廣瀬幸生	Corporate Contract	2026-02-06	2	28667
43194	 木戸晴江	General	2026-02-06	2	31287
54898	 木村風汰	General	2026-02-06	2	40335
32718	 本石澪人	Corporate Contract	2026-02-06	2	30810
82095	 李唐	General	2026-02-06	2	69243
31411	 李宰漢	Corporate Contract	2026-02-06	2	20879
44734	 林 達也	General	2026-02-06	2	32563
32571	 栗本翔	Corporate Contract	2026-02-06	2	21921
37665	 桂习凯	Corporate Contract	2026-02-06	2	26394
31646	 森大和	Corporate Contract	2026-02-06	2	21171
34636	 樋田睦	Corporate Contract	2026-02-06	2	23724
39436	 河本考平	Corporate Contract	2026-02-06	2	28032
32474	 浅井誠一	Corporate Contract	2026-02-06	2	21841
31540	 田村美並	Corporate Contract	2026-02-06	2	21164
33280	 菊地 勇平	Corporate Contract	2026-02-06	2	22529
51947	 藤本敦喜	General	2026-02-06	2	37259
30289	 鈴木さゆり	Corporate Contract	2026-02-06	2	20466
78272	 関根彩花	General	2026-02-06	2	64986
32887	 陳泳翰	Corporate Contract	2026-02-06	2	25846
36692	 马 歆沅	Corporate Contract	2026-02-06	2	25481
41404	 黄宇晗	General	2026-02-06	2	31873
21748	 이 성용	Corporate Contract	2026-02-06	2	14105
10188	.林柏宏	Corporate Contract	2026-02-06	2	7013
45400	㈲エーエッチエム企画	General	2026-02-06	2	32935
29017	㈱Gizumo	Corporate Contract	2026-02-06	2	19036
36226	㈱Gizumo	Corporate Contract	2026-02-06	2	25066
36227	㈱Gizumo	Corporate Contract	2026-02-06	2	25067
36228	㈱Gizumo	Corporate Contract	2026-02-06	2	25068
36229	㈱Gizumo	Corporate Contract	2026-02-06	2	25069
36230	㈱Gizumo	Corporate Contract	2026-02-06	2	25070
36231	㈱Gizumo	Corporate Contract	2026-02-06	2	25071
36232	㈱Gizumo	Corporate Contract	2026-02-06	2	25072
36233	㈱Gizumo	Corporate Contract	2026-02-06	2	25073
36234	㈱Gizumo	Corporate Contract	2026-02-06	2	25074
36235	㈱Gizumo	Corporate Contract	2026-02-06	2	25075
36236	㈱Gizumo	Corporate Contract	2026-02-06	2	25076
6917	（株）ファインズ東京	Corporate Contract	2026-02-06	2	5007
25243	㈱フジ国際交流センター	Corporate Contract	2026-02-06	2	30590
39118	㈱フジ国際流通センター太	Corporate Contract	2026-02-06	2	27641
89440	㈱ワタナベエンターテインメント　	General	2026-02-06	2	79772
89441	㈱ワタナベエンターテインメント　	General	2026-02-06	2	79773
3260	【リアルニクス】西山麟	Corporate Contract	2026-02-06	2	2152
5965	【再】＠lmeeSalim	Corporate Contract	2026-02-06	2	4455
4905	【再】AlmiraJane	Corporate Contract	2026-02-06	2	9949
7870	【再】AndresGonzalez	Corporate Contract	2026-02-06	2	6878
887	【再】BartVrancken	Corporate Contract	2026-02-06	2	8173
5159	【再】BourgaultPierre	Corporate Contract	2026-02-06	2	6613
4423	【再】FritiofOlsson	Corporate Contract	2026-02-06	2	2048
538	【再】JuhoLipponen	Corporate Contract	2026-02-06	2	8092
8892	【再】MariaIlaria Antonini	Corporate Contract	2026-02-06	2	6519
14027	【再】MdIslam	Corporate Contract	2026-02-06	2	9288
3671	【再】MohammadHossain	Corporate Contract	2026-02-06	2	7849
1255	【再】PedroCosta Galiana	Corporate Contract	2026-02-06	2	5936
1987	【再】PierreRoche	Corporate Contract	2026-02-06	2	7571
7970	【再】武藤奈々	Corporate Contract	2026-02-06	2	8021
2234	【再】竹下佳寿美	Corporate Contract	2026-02-06	2	1307
4507	【再】芦名里礼	Corporate Contract	2026-02-06	2	3579
11458	【再】蔦田武児	Corporate Contract	2026-02-06	2	7897
3337	【再】西山史織	Corporate Contract	2026-02-06	2	6510
3377	【再々々】奥村遥	Corporate Contract	2026-02-06	2	8751
8963	【再々々々】定兼明彦	Corporate Contract	2026-02-06	2	6317
1760	【期】ジンジェンユ	Corporate Contract	2026-02-06	2	592
10891	【期】一橋裕将	Corporate Contract	2026-02-06	2	7563
1530	【期】中野慎也	Corporate Contract	2026-02-06	2	121
171	【期】乾賢郎	Corporate Contract	2026-02-06	2	1414
10933	【期】伊藤珠加	Corporate Contract	2026-02-06	2	7485
6318	【期】大城斉	Corporate Contract	2026-02-06	2	4672
3404	【期】小野雄大	Corporate Contract	2026-02-06	2	3201
1950	【期】山本孝太郎	Corporate Contract	2026-02-06	2	4891
6013	【期】常包　弘幸　	Corporate Contract	2026-02-06	2	4483
1063	【期】月田克彦	Corporate Contract	2026-02-06	2	911
6911	【期】森山広	Corporate Contract	2026-02-06	2	5229
513	【期】楊淑儀	Corporate Contract	2026-02-06	2	2715
3770	【期】比嘉誠知	Corporate Contract	2026-02-06	2	2827
10698	【期】湯川淳輝	Corporate Contract	2026-02-06	2	7372
9267	【期】片岡将志	Corporate Contract	2026-02-06	2	6487
3499	【期】知名明沙飛	Corporate Contract	2026-02-06	2	2704
1338	【期】荒木宏昌	Corporate Contract	2026-02-06	2	5479
11629	【期】藤原恵太	Corporate Contract	2026-02-06	2	7911
1689	【期】西條輝	Corporate Contract	2026-02-06	2	465
775	【期】遠藤七美	Corporate Contract	2026-02-06	2	2270
1698	【期】遠藤和樹	Corporate Contract	2026-02-06	2	466
4403	【期】金子誠一	Corporate Contract	2026-02-06	2	2036
10032	【期】鈴木康臣	Corporate Contract	2026-02-06	2	6911
974	【期】鎌田麻衣	Corporate Contract	2026-02-06	2	2263
2863	【期】高尾由衣	Corporate Contract	2026-02-06	2	871
11307	【期／再】金谷勇宣	Corporate Contract	2026-02-06	2	7684
6860	【法】AbhijtMojumder	Corporate Contract	2026-02-06	2	4969
5183	＠AnemerMartinez	Corporate Contract	2026-02-06	2	3924
5790	@AnthonyMercuri	Corporate Contract	2026-02-06	2	4350
6207	@ArianeScarbonchi	Corporate Contract	2026-02-06	2	5780
4491	＠ArturGoncharov	Corporate Contract	2026-02-06	2	2182
6432	＠Charlotte WhitingChanelle Louise	Corporate Contract	2026-02-06	2	4730
5973	@EnglengSaw	Corporate Contract	2026-02-06	2	4458
5872	＠HarisKhan	Corporate Contract	2026-02-06	2	4394
6274	＠IraRitchie Meek	Corporate Contract	2026-02-06	2	4640
10811	＠JeHyeongrae	Corporate Contract	2026-02-06	2	7391
5401	＠KorshunovRostislav	Corporate Contract	2026-02-06	2	4033
4882	＠Macioszek ElizabethSzymon	Corporate Contract	2026-02-06	2	3767
5011	＠MarciaSayuri	Corporate Contract	2026-02-06	2	3826
6185	@MinguiLin	Corporate Contract	2026-02-06	2	4596
5704	＠RolnickMelody	Corporate Contract	2026-02-06	2	4293
5855	＠Sae Hyung Jung（代理人）Elhadj Mbarek Nejmeddine（入居者）	Corporate Contract	2026-02-06	2	4386
9778	@TadashiIshikawa	Corporate Contract	2026-02-06	2	6777
5961	＠TobiasSoeldner	Corporate Contract	2026-02-06	2	4454
4494	@VivianLiu	Corporate Contract	2026-02-06	2	2190
12655	@ノジェヒョン	Corporate Contract	2026-02-06	2	8462
6406	＠ヒサヨシトミー	Corporate Contract	2026-02-06	2	4713
6054	＠寺本真将/ Dana Eytan	Corporate Contract	2026-02-06	2	4507
6074	＠柳翔善	Corporate Contract	2026-02-06	2	4521
5871	@水戸博隆	Corporate Contract	2026-02-06	2	4391
10864	＠清掃　Aida 　Lopez	Corporate Contract	2026-02-06	2	7424
8386	＠清掃　AidaLopez	Corporate Contract	2026-02-06	2	5994
10333	@清掃　AyanoKamimura	Corporate Contract	2026-02-06	2	7107
12273	@清掃 BatbhyarSolongo	Corporate Contract	2026-02-06	2	8233
9118	@清掃 BettyHuang	Corporate Contract	2026-02-06	2	6400
8556	@清掃 Camille　VincentFleury Alexandre	Corporate Contract	2026-02-06	2	6120
9153	@清掃　Chapman SimとJames Edward	Corporate Contract	2026-02-06	2	6412
9023	＠清掃　ChavanHrushikesh	Corporate Contract	2026-02-06	2	6346
9663	@清掃 Elvis Long HuangWan Yu	Corporate Contract	2026-02-06	2	6717
14221	＠清掃　EmilyWu	Corporate Contract	2026-02-06	2	9415
10667	@清掃 JacobAlden	Corporate Contract	2026-02-06	2	7309
9536	@清掃　Love Lissenko Wahlqvist&Maika Hamana	Corporate Contract	2026-02-06	2	6665
12118	@清掃　MisatoAonami	Corporate Contract	2026-02-06	2	8131
8820	＠清掃 RizalieHan	Corporate Contract	2026-02-06	2	6255
11346	@清掃　SakuraNishihaya	Corporate Contract	2026-02-06	2	7705
12395	＠清掃　SarahGubachy	Corporate Contract	2026-02-06	2	8309
9248	@清掃　Yen-Ping謝彥屏	Corporate Contract	2026-02-06	2	6474
11098	@清掃　ダニエル達也	Corporate Contract	2026-02-06	2	7534
11856	@清掃　内村純弘	Corporate Contract	2026-02-06	2	7983
9906	@清掃　室伏 時春と妻	Corporate Contract	2026-02-06	2	9294
8398	＠清掃 崔程	Corporate Contract	2026-02-06	2	6001
10598	@清掃　廣本昭彦	Corporate Contract	2026-02-06	2	7270
10801	@清掃 李居龄	Corporate Contract	2026-02-06	2	7387
13564	@清掃 武田大樹	Corporate Contract	2026-02-06	2	9001
8864	＠清掃 田澤玲奈	Corporate Contract	2026-02-06	2	6279
8385	＠清掃　笹田康太	Corporate Contract	2026-02-06	2	5993
8493	＠清掃　贾梦玲	Corporate Contract	2026-02-06	2	6052
14581	＠清掃　髙島恵利果	Corporate Contract	2026-02-06	2	9633
8477	@清掃(赤) GeorgiosYiannakou	Corporate Contract	2026-02-06	2	6038
14510	@清掃AbdessalemKâaniche	Corporate Contract	2026-02-06	2	9578
9397	@清掃AdamTorche	Corporate Contract	2026-02-06	2	6683
10691	@清掃AlexPalma	Corporate Contract	2026-02-06	2	7326
13364	@清掃AllenBirwe	Corporate Contract	2026-02-06	2	8863
4077	@清掃AnthonyDuc	Corporate Contract	2026-02-06	2	6177
11672	@清掃Austin Rafter	Corporate Contract	2026-02-06	2	7899
11999	＠清掃AxelYael	Corporate Contract	2026-02-06	2	8065
9689	@清掃BonamyYurie	Corporate Contract	2026-02-06	2	6728
10061	@清掃CarolinaSilva	Corporate Contract	2026-02-06	2	6936
12244	@清掃ChangChiuchieh	Corporate Contract	2026-02-06	2	8208
9938	@清掃CharalambosShekeris	Corporate Contract	2026-02-06	2	6856
13363	@清掃ChristoperKemspon	Corporate Contract	2026-02-06	2	8862
14574	＠清掃DanielZheng	Corporate Contract	2026-02-06	2	9631
8876	@清掃DerekHerrera	General	2026-02-06	2	6283
11998	＠清掃Edwin Sepulvedaともう一人	Corporate Contract	2026-02-06	2	8062
10515	＠清掃Elham Musaviともう1人	Corporate Contract	2026-02-06	2	7217
12783	@清掃EvarsonsRoberts	Corporate Contract	2026-02-06	2	8522
10693	@清掃FilipPruszek	General	2026-02-06	2	7328
12000	＠清掃FridaSpang	Corporate Contract	2026-02-06	2	8070
11588	@清掃Gina Penningerともう1人	Corporate Contract	2026-02-06	2	7854
14739	@清掃GregoryHumphries	Corporate Contract	2026-02-06	2	9725
8649	@清掃HANSeungyun	Corporate Contract	2026-02-06	2	6180
8519	@清掃HeatherStatt	Corporate Contract	2026-02-06	2	6067
9691	@清掃HimanshuBhurtel	Corporate Contract	2026-02-06	2	6729
14092	@清掃HoangLee	Corporate Contract	2026-02-06	2	9329
14350	@清掃HryhoriiKovalskyi	Corporate Contract	2026-02-06	2	9488
11507	@清掃IreneÁlvarez Perez	Corporate Contract	2026-02-06	2	7815
9301	@清掃IvanTriola	Corporate Contract	2026-02-06	2	6506
13913	@清掃JasmineBellamy	Corporate Contract	2026-02-06	2	9211
14764	@清掃JeffWong	Corporate Contract	2026-02-06	2	9742
9535	@清掃Jessica　Chien	Corporate Contract	2026-02-06	2	6664
12082	@清掃JojiUrano	Corporate Contract	2026-02-06	2	8111
10936	@清掃JulietteJandrok	Corporate Contract	2026-02-06	2	7449
8179	＠清掃KaitlynRosati	Corporate Contract	2026-02-06	2	5854
9225	＠清掃KarinaRamirez	Corporate Contract	2026-02-06	2	6462
11261	@清掃Kevin Crispin	Corporate Contract	2026-02-06	2	7655
8237	@清掃KiraZebroski	Corporate Contract	2026-02-06	2	5889
10474	@清掃Larissa Aimee Cruz	Corporate Contract	2026-02-06	2	7195
9664	@清掃LoïsDufetel	Corporate Contract	2026-02-06	2	6719
9155	@清掃Mark Tan	Corporate Contract	2026-02-06	2	6413
12973	＠清掃MartinoWullems	Corporate Contract	2026-02-06	2	8659
13950	@清掃MasafumiHanatate	Corporate Contract	2026-02-06	2	9233
12718	@清掃MatthewImpey	Corporate Contract	2026-02-06	2	8502
10665	@清掃Maxime Begaud/Nanako Urano	Corporate Contract	2026-02-06	2	7306
12320	@清掃MichaelaKingsley Davis	Corporate Contract	2026-02-06	2	8266
12094	@清掃MichaelSiu	Corporate Contract	2026-02-06	2	8120
11713	＠清掃Nadaryn Limatibulともう1人	Corporate Contract	2026-02-06	2	7921
9936	@清掃PengTao	Corporate Contract	2026-02-06	2	6855
10252	@清掃Ricardo Silva Azpilcueta	Corporate Contract	2026-02-06	2	7052
10847	@清掃Samreid ManezEbony Dyson	Corporate Contract	2026-02-06	2	7410
10133	@清掃Sarah Greenham	Corporate Contract	2026-02-06	2	6977
15149	@清掃TanDexter	Corporate Contract	2026-02-06	2	9978
12458	@清掃ThanawatArunseangroj	Corporate Contract	2026-02-06	2	8354
14926	@清掃TriSafril	Corporate Contract	2026-02-06	2	9848
12245	@清掃TsengWanTing	Corporate Contract	2026-02-06	2	8209
15182	@清掃VincentWilhelm	Corporate Contract	2026-02-06	2	9994
13606	@清掃VincentWong	Corporate Contract	2026-02-06	2	9032
13562	@清掃WangLuby	Corporate Contract	2026-02-06	2	9002
10222	@清掃WarissaraLimpornchitwilai	Corporate Contract	2026-02-06	2	7034
11291	@清掃WatsonZhou	Corporate Contract	2026-02-06	2	7673
8940	@清掃William JohnHolt Gordillo	Corporate Contract	2026-02-06	2	6308
14256	@清掃Yuk HanTUK HAN	Corporate Contract	2026-02-06	2	9434
13768	@清掃ZuzannMontwill	Corporate Contract	2026-02-06	2	9116
15555	@清掃伊藤汐里	Corporate Contract	2026-02-06	2	10206
14176	@清掃北岡治久	Corporate Contract	2026-02-06	2	9387
12787	＠清掃周依韵	Corporate Contract	2026-02-06	2	8524
14295	@清掃安部知里	Corporate Contract	2026-02-06	2	9464
5966	＠石川匡	Corporate Contract	2026-02-06	2	4456
4496	@罗玥婷	Corporate Contract	2026-02-06	2	2203
10694	＠赤清掃　前山朋	Corporate Contract	2026-02-06	2	7329
14526	@赤清掃AnnMariager	Corporate Contract	2026-02-06	2	9586
12243	@赤清掃CatherineDelage	Corporate Contract	2026-02-06	2	8207
9620	＠赤清掃CéliaMahammed	Corporate Contract	2026-02-06	2	6697
14100	@赤清掃GauvainLe Guennec	Corporate Contract	2026-02-06	2	9332
13935	@赤清掃LissetteAravena	Corporate Contract	2026-02-06	2	9225
13102	@赤清掃NiklasNegri	Corporate Contract	2026-02-06	2	8723
15062	@赤清掃Tsz YanYipともう一人	Corporate Contract	2026-02-06	2	10007
13413	@赤清掃TuckerZinke	Corporate Contract	2026-02-06	2	8895
14717	@赤清掃VictoriaLehr	Corporate Contract	2026-02-06	2	9717
9304	@赤清掃YusukeSakatsume	Corporate Contract	2026-02-06	2	6508
83058	A Ka YeeTun	General	2026-02-06	2	70354
